id,name,email,city
7527,Kendra Pitts,austin82@example.net,Port Kylemouth
1531,Hailey Gould,donaldalvarado@example.com,South Michaelmouth
1259,Ethan Jenkins,lgeorge@example.org,Lindsayfort
8660,Laura Garza,walshdonna@example.org,Velazquezborough
2223,Rose Santiago,courtneyjennings@example.org,Anthonychester
3108,Jordan Doyle,lindahodges@example.org,Port James
4376,Christopher Pratt,smithkelly@example.org,Abigailhaven
2691,Melissa Green,kayleepatterson@example.org,Biancaborough
6525,Jessica Smith,rodney35@example.com,West Juan
2331,Julie Barry,joneskevin@example.org,Lake Jill
2705,Amanda Brady,mpatel@example.com,Masonview
6581,Alexandra Spencer,michaelreed@example.com,East Tinafurt
5050,Breanna Underwood,johnorr@example.org,West Julieberg
7287,Jennifer Smith,jacobsontimothy@example.com,Lake Ashley
6797,Dwayne Stout,wperez@example.org,New Nicole
2351,Jessica Roberts,laraaaron@example.org,New Olivia
8348,Daniel Silva,nathan63@example.com,Morganmouth
9892,Gabriel Martin,melissa05@example.com,Lake Maryberg
19,Aimee Owens,kaylawhite@example.org,South Ryan
3151,Richard Collins,francisbrian@example.com,West Michael
3617,David Smith,flopez@example.org,New Mariaville
8848,Leslie Byrd,autumnmartinez@example.org,East Michael
692,Erin Armstrong,christopherbell@example.com,Jillianfort
5328,Roberto Price,tamara04@example.net,Gordonton
3423,Lisa Rodgers,melissamcclure@example.org,South Amanda
261,Jason Rodriguez,jeanette65@example.net,Ronnieberg
9947,Jim Johnson,dmitchell@example.net,New Nancychester
4230,Nicholas Williams,bmoore@example.com,Jasonberg
9127,Kristina Ross,yreed@example.org,Evansfurt
2491,Michele Garcia,mmiller@example.com,Jessefort
6789,Sarah Sparks,millernatasha@example.org,East Michelle
4453,Shawn Anderson,tclay@example.com,Martinfort
9067,Cathy Aguilar,bairdashley@example.com,Lawrenceberg
4596,Margaret Anderson,markroach@example.com,Charleshaven
3428,Chase Berger,jenniferkane@example.net,North Troybury
2110,Jerry Foley,youngcarrie@example.com,Paulton
8469,Melissa Fisher,camerononeill@example.org,East Erin
3765,Joanna King,gtrujillo@example.com,New Robertshire
8824,Jose Morgan,munozlouis@example.org,Ramirezhaven
454,Amy Barrett,dylanacosta@example.org,Harrisberg
2776,Mary Golden,schultzwilliam@example.net,West Sarah
7649,Justin Fisher,rbarrera@example.net,New Patriciaville
632,Zachary Maxwell,kevinrogers@example.org,Katherinemouth
3382,Miss Hannah Jones,william08@example.org,Phillipborough
5672,Lindsay Christian,joshuagarrison@example.net,South Scott
3075,Cesar Benitez,wjohnson@example.net,North Kenneth
5597,Corey Ramirez,jennifermills@example.com,Lake Christinafort
8424,Mary Zamora,wwest@example.net,New Sabrina
9884,Curtis Bradley,francisco97@example.org,North Aliciaport
4736,Cody Harris,katherinewhitaker@example.org,South Donna
3674,Krista Morris,michelegarrett@example.org,Lake Scott
6166,Brian Williamson,cheryl35@example.org,Cohenmouth
8295,Craig Benson,jonathan49@example.org,Paynemouth
1420,Mary Rivas,murphycourtney@example.org,North Joanne
6429,Fernando Olson,dawnford@example.com,East Brittneychester
6778,Daniel Patel,frankkelsey@example.com,North Robert
4364,Christina Mcconnell,victorhayes@example.net,Sheilahaven
3287,George Peterson,nespinoza@example.net,East Roberttown
8950,Dustin Goodman,sharphenry@example.org,East Dominiqueberg
5932,Elizabeth Kelley,adamjohnson@example.net,Fordport
1640,Donna Mcpherson,ishelton@example.com,South Shawnberg
5825,Sandra Richardson,javierwalker@example.org,Anthonyville
793,Ryan Mccarty,briananewman@example.net,Rileyview
7478,Mark Martin,renee71@example.org,Danielleborough
3406,Robin Kidd,ojohnson@example.org,Port Jennachester
9736,Scott Ruiz,carrie48@example.org,West Danielville
1773,Dennis Henry,karencarrillo@example.net,Juliaville
7098,Angela Phillips,anthony18@example.org,South Dennismouth
4570,Edward Adams,johnhill@example.com,East Gordonmouth
7405,Krystal Scott,swansonalyssa@example.org,Bakerburgh
7114,Michael Hughes,coxjames@example.net,East Charles
2095,Gregory Marsh,lindanelson@example.com,Michaelborough
9581,Amanda Phillips,xstone@example.org,East Kimberly
8871,Andrea Payne,brianmurphy@example.org,Manuelside
4067,Eric Aguirre,lesliemorrison@example.org,Raybury
7048,Scott Wall,edwardchavez@example.com,New Timothy
6179,Roger Garcia,wcoleman@example.net,Wilkinsview
8305,April Robertson,kimlewis@example.org,North Nataliehaven
7264,Kevin Alvarado,ysexton@example.com,Grosshaven
6082,Paula Burns,deannancy@example.net,Carneyshire
7885,Don Brown,david96@example.com,Wadechester
2064,Jessica Frederick,greenkathryn@example.org,Tracychester
1813,Amy Mason,joshua32@example.com,Austinborough
6631,Michael Wood,gwarren@example.org,West Shelbyburgh
2602,Tina Peck,annette78@example.net,Hartland
2048,Scott Ferguson,alexis22@example.com,North Jefferyview
3407,Ronnie Jenkins,dylanlewis@example.org,North Anthony
9004,Jonathan Edwards,robinbenjamin@example.org,Jessicafurt
4623,Kevin Thomas,davisandrea@example.org,North Jeffreyfort
6661,Linda Kennedy,alynch@example.org,South Rebecca
9370,Nicholas Butler,jesus31@example.com,New Ashley
9971,Monica Smith,clandry@example.org,South Phillip
2303,Mary Dixon,linda86@example.org,Port Fred
2203,Peter Grimes,xjimenez@example.com,Carlsonstad
4927,Christopher Mcdonald,brandonpope@example.com,Port Christophertown
710,Eric Schwartz,oconnorkenneth@example.org,East Angela
2768,David Francis,melissamendoza@example.net,East Danatown
7375,Patricia Nicholson,sharon96@example.net,Millerhaven
2272,Kimberly Schroeder,millerbradley@example.net,Jenniferland
7608,Tina Ward,matthew23@example.org,Jamiebury
8695,Christine Russell,joshuaalvarado@example.org,Lake Jennifer
9279,Jennifer Rodriguez,madison72@example.org,Joneschester
4393,Zachary Rogers,reevestina@example.org,East Kendra
9182,Michael Spears,scottwilliams@example.com,Larsonton
9613,Jason Kane,chorn@example.org,South Amyside
8426,Carrie Smith,nancybernard@example.com,Williamsfort
7716,Gary Moran,marcusreid@example.com,West Paul
6053,Laura Myers,matthew58@example.com,South Debraburgh
7567,Donald Harrell,cdennis@example.com,Port Edwardbury
4993,Willie Anderson,katherine81@example.net,Lake Stevenside
6254,Maria Newton,stewartkaren@example.org,Leonardtown
8723,Jamie Rodriguez,zstephens@example.com,North Suzanne
8086,Melinda Hopkins,mendezgina@example.com,West Calebview
6749,Chad Wood,kirkcampos@example.net,Marcusfurt
8716,Emily Hanna,chris87@example.org,West Evanstad
7579,Grace Thomas,tfields@example.com,Lake Jeffrey
4278,Benjamin Campbell,josephtaylor@example.org,Cantubury
7087,Jennifer Keith,anna12@example.org,Matthewhaven
6324,Anthony Wyatt,andersonangela@example.net,Rodriguezville
8447,William Walter,guerrerocarrie@example.com,Wardchester
9935,Emily Gonzales,bryantsusan@example.org,West Karenburgh
7390,Elizabeth Dunn,benjamincox@example.net,Hansenfurt
3327,Michelle Johnson,jacob69@example.net,East Grace
704,Kyle Miller,laurenalexander@example.net,Cranestad
6041,Miranda Patel,matthew77@example.org,Fergusonburgh
1069,Cheryl Harper,hcohen@example.org,Lake Brianville
6853,Stuart White,wolfbarbara@example.org,East Anthonychester
9114,Joseph Hays,nscott@example.com,East Melinda
1703,Ashley Fitzgerald,kristen37@example.net,Terryhaven
7646,Angel Lee,yhall@example.net,Jennyfort
7531,Stephen Richardson,gwilliamson@example.org,Cochranburgh
8480,Darryl Anderson,charleschristopher@example.net,New Jennifershire
3171,Kristen Miller,rsmith@example.net,Nancyport
9080,Andrea Davis,kimberlybrown@example.com,New Andrew
6183,Kelly Mills,derrick32@example.com,Reeseshire
8080,Travis Norris,iharris@example.com,Changburgh
5250,Allen Wright,qbrown@example.net,Lake Troy
9362,Tammy Martinez,bjones@example.com,Frederickfurt
5614,Joshua Johnson,anthonyyoung@example.net,Keithmouth
7021,Nathan Edwards,griffinmonica@example.org,Harrismouth
9645,Thomas Rogers,haileydixon@example.org,North Troyside
2634,Teresa Miller,harringtonrichard@example.net,East Lisa
2633,Michael Kirk,anna44@example.net,Lopezstad
8875,Jeffery Ray,davidmontgomery@example.org,East Sandy
4580,Jordan Nichols,pmartinez@example.com,Michelletown
7656,Brittany Villarreal,hclements@example.org,Brooksberg
5904,Madison Howard,scotttroy@example.org,North James
7318,Kimberly Richards,lori16@example.com,Jacksonstad
9235,Virginia Clark,trujillocheryl@example.com,West Cynthiatown
57,Lisa Glenn,owarner@example.net,Port Andrea
9231,Ronald Montoya,amy25@example.org,Tracyville
146,Timothy Kim,knappsabrina@example.org,Coreyshire
2499,Marc Woodward,cooperjeffrey@example.net,Whiteview
5780,Vanessa Williams,wgomez@example.com,New Samantha
988,April Moore,lmorris@example.net,South Davidport
3911,Maria Reynolds,phillipsjuan@example.org,Johnview
6394,Joshua Hernandez,sharonkennedy@example.com,Mathewtown
422,Dustin Bright,pearsoncatherine@example.net,West Ashleyview
4804,Crystal Mendoza,gcole@example.com,East Willieburgh
4695,Tracy Faulkner,thompsonrachael@example.com,Jimenezchester
8340,Sheryl Mccall,fernandezpaula@example.org,Lake John
7338,Kelly Chan,zortiz@example.com,East Mackenziefurt
7860,Cynthia Gutierrez,pgibson@example.net,Lake Desiree
4386,Christine Kelly,tonya62@example.net,West Kimberly
3631,Cynthia Green,johnsonsusan@example.com,New Tylerfurt
2406,Mary Ross,bradleystephen@example.org,Grayfort
6040,Thomas Gonzalez,wilsoncory@example.com,Timothychester
4254,Morgan Jones,dzavala@example.com,South Michael
9001,Elizabeth Gordon,emily32@example.net,Wilsonland
7577,Tammie Dean,samanthaharris@example.net,New Daniellehaven
7545,Jessica Hernandez,rhood@example.com,East Becky
894,Melissa Lane,zdavis@example.org,Baileyshire
1501,Kimberly Ross,haynesjessica@example.net,North Daniellehaven
5902,Shannon Collins,willisbenjamin@example.com,North Zacharytown
8262,Brittany Potts,usloan@example.net,Ramosshire
1992,Harry Wilson,heatherdixon@example.org,Kennethport
8497,Brittany Roberts,robert00@example.net,Susanmouth
8234,Amy Cain,nancytrujillo@example.org,North Jack
4767,Sara Carlson,george79@example.org,North Christopher
6022,Michael Williams,ncervantes@example.net,Lewistown
1645,Anthony Miller,smithkenneth@example.net,Rachelberg
1887,Brandi Rogers,valerie47@example.com,North Jimmy
9462,Kyle Hampton,jesse14@example.org,Kennethstad
8104,Deborah Elliott,amberdavis@example.net,Rebeccaville
4331,Emily White,ojones@example.org,Reynoldstown
1886,Jill Welch,sharpnicole@example.net,New Alyssa
5326,Terry Taylor,clarkjohn@example.net,Roachside
6253,Tara Nelson,donaldbarnes@example.net,Johnsonland
3972,Steven Yang,mwilliams@example.com,Sarahville
5141,Richard Miller,powerslauren@example.org,Port Krista
6380,Jennifer Horton,figueroalee@example.net,West Dakota
4130,Hannah Herrera,colejohn@example.net,Lake Paulastad
4431,Christina Freeman,wperez@example.net,Andreaport
6597,Cynthia Garcia,arthur82@example.com,East Robert
1013,Janet Munoz,salexander@example.net,Michaelmouth
8132,Deborah Yates,davidmiller@example.net,Port Ashleyside
8067,Christine Robinson,gchapman@example.com,Mcphersonshire
3123,Michael Lee,peter42@example.com,Lake Ericaburgh
1269,Debra Blair,joannarivas@example.com,Millermouth
6544,Michael Adams,rmathis@example.org,Dylanland
4272,Aaron Miller,hansonmarcus@example.net,South Stephaniefurt
713,Mckenzie Patterson,psmith@example.net,South Joshuastad
7439,Amanda Smith,sherrysullivan@example.net,Lake Sarah
7848,Alexander Kaufman,shelleymoreno@example.org,Reevesmouth
9414,Benjamin Miller,ypowell@example.org,Port Matthew
2216,Steven Park,bvillanueva@example.org,New Sandra
3845,Anthony Cox,wbrown@example.net,Deanshire
6936,Tabitha Dixon,debra31@example.com,East Omar
4965,Edward Anderson,lopezjennifer@example.net,Arnoldmouth
409,Brian Green,bryantseth@example.net,Jayfurt
3633,Nicholas Wong,brandonrobles@example.net,Millerstad
9661,Patricia White,twilson@example.org,Brianstad
2738,Evelyn Marquez,jennifer50@example.org,Monicahaven
2716,Janet Evans,geoffrey06@example.net,Dannyview
293,Kelly Gonzales,watersemily@example.org,South Sarahstad
2991,Kelsey Davidson,tdiaz@example.org,Port Kyleberg
9530,Laura Holland,valeriethomas@example.com,East Richard
4572,Monique Brady,martinjeffery@example.net,North Tracy
8314,William Stephens,ryan57@example.org,Lake Zacharymouth
8130,Calvin Willis,moorericky@example.com,East Tinaside
1618,Robert Hill,jenna11@example.org,Margaretfurt
3320,Tricia Sanchez,jgibson@example.net,South Theresa
1199,Christopher Henry,lpatel@example.org,Lake Marcusstad
9019,Emily Benson,jill91@example.net,Lake Donnaport
8669,Mary Smith,atodd@example.net,North Melanieland
9120,Keith Barrett,wendyparrish@example.com,Georgeside
8444,Hannah Barron,ccharles@example.org,Harveybury
9233,Danielle Cannon,piercevincent@example.com,Georgemouth
3564,Jenna Smith,vdalton@example.com,Lake Davidfort
3097,Caleb Stanley,adam32@example.com,Lake Theresa
4091,Lisa Smith,monicawilson@example.com,Gibsonview
1262,Leslie Freeman,stevensrobert@example.org,Jamesport
2338,Mark Davis,briankennedy@example.org,Weissville
7914,Joanne Hernandez,davidrodriguez@example.org,South Brianland
5160,Joe Allen,daniel59@example.com,North Sarahmouth
2234,Megan Rivera,tiffany76@example.com,Jenniferside
7096,Sabrina Adkins,ngomez@example.com,New Ryanside
1053,Christina Carter,wilsonmarcus@example.com,Lake Nicholasbury
7,Lisa Hamilton,tammy44@example.com,Reginaldton
4933,Zoe Chapman,rachellyons@example.org,Christopherbury
9478,John Ramirez,samantha89@example.net,Royland
1842,Tamara Robertson,lclayton@example.net,East Mariabury
8429,Andrea Evans,tracywebb@example.com,Hebertberg
3774,Karen Cook,apeterson@example.org,Melvinland
5771,Brian Barnes MD,alexanderjason@example.com,Dunnview
8749,Erin Harper,johnbarrett@example.org,Joyceside
9920,Albert Clark,jenniferharper@example.com,Tonyachester
8244,Elizabeth White,tamarabriggs@example.com,Nicolefort
8561,Christopher Olsen,brandi95@example.com,West Lindsayhaven
3197,Joseph Kim,allen62@example.org,Johnsonside
8082,Nicholas Nelson,rogermcmahon@example.com,North Brettport
366,Victor Sullivan,taylormelinda@example.org,Owenshire
781,Melanie Aguilar,derekkelly@example.net,North Travis
3067,Adrian Velasquez,connorstewart@example.com,North Charlesfort
7869,Victoria Suarez,ortizrodney@example.net,Lisaville
8654,Taylor Rivas,gguerra@example.net,West Davidview
7942,Regina Thomas,johnsonkristie@example.net,Herringhaven
7046,Mr. Jose Porter,jenniferbarrett@example.org,Blakefort
9343,Monica Morales,sheppardmaria@example.org,Port Katrina
4645,Robert Miller,bakerfrederick@example.org,East Jenniferport
5883,Jessica Rose,npineda@example.net,Timothyland
8200,Dawn Brown,rodgerssarah@example.net,West Joshuafurt
4491,Alicia Oliver,kayla51@example.org,Port Raymond
4111,Leslie Ellis,elizabeth35@example.org,New Tiffanytown
5777,Joshua Tucker,lesliehawkins@example.com,South Joshua
5467,Patricia Cowan,lindsey80@example.com,Kelleyport
2664,Calvin Smith,emily72@example.net,Colleenborough
8289,Kimberly Burns,ohodge@example.com,Port Carolineview
5589,Brian Sims,areyes@example.org,Christopherchester
5550,Dean Hill,joseph74@example.org,Robinsonfort
8953,Elizabeth Newton,fostertimothy@example.com,Port Danny
8269,Joseph Murphy,elizabethdunn@example.org,Brownstad
1055,Jason Mcpherson,jennifermccarthy@example.org,Port Ashleyfort
8164,Lawrence Franklin,shawnsavage@example.net,New Danielle
4034,Barbara Short,mjohnson@example.net,Dicksonfort
82,Joan Huffman,sotolaura@example.org,West Nicholasstad
3915,Deanna Ramirez,ethan25@example.net,Deleonland
4055,Daniel Gaines,stephendavis@example.net,Christinaside
5564,John Ward,melissazimmerman@example.net,Port Michael
9909,Amber Lynch,jeffreymorales@example.com,Port Aprilshire
2359,Kevin Perez,palmerbenjamin@example.com,Port Daniel
5167,Anita Taylor,whitelisa@example.org,Wellsfurt
3948,Brittany Strickland,thompsonraymond@example.net,Floydtown
7337,Kenneth Schmidt,amyestes@example.com,Tonyafort
7332,Timothy Collier,jonathongood@example.com,Gibsonstad
6432,Jeffrey Schneider,kimberlyevans@example.org,Scottburgh
6276,Michael Leon,harrellkatherine@example.net,Williemouth
1815,Joseph Robles,luis33@example.net,Tanyaport
3184,Catherine Jimenez,rachel17@example.com,Roweville
3314,James Graham,sandrajohnston@example.net,North Clinton
9192,Tanya Wyatt,fpoole@example.org,North Brandonview
6165,Bruce Delgado,hollygiles@example.net,Ericside
2596,Dr. Robert Whitaker Jr.,uwiggins@example.org,Smithville
9731,Michael Petty,zwagner@example.net,New Jacquelinetown
3640,Kristina Morris,linda06@example.net,West Bryanburgh
2764,Lindsey Barker,perry46@example.net,New Taylorview
5743,Jeffrey Moore,usmith@example.org,Millerfurt
8813,Jill Brewer,margaretlopez@example.net,South Marissa
1001,Grant Chapman,douglascarter@example.com,New Justinburgh
5257,Joshua Smith,williamgray@example.net,New Ashleyburgh
3025,Tammy Davies,hugheselizabeth@example.com,New Michaelland
2976,Karen Turner,kevin04@example.org,Castroberg
2750,Nathan Vega,megan71@example.net,New Alexismouth
7815,Kristina Willis,katelyn28@example.net,New Christopher
687,Mariah Williams,jeffrey88@example.com,West Teresachester
7146,Hunter Ingram,kathyjoseph@example.com,Juanfort
8302,Anna Hernandez,medinaronald@example.net,Bradfordberg
9410,John Gutierrez,dunlapjason@example.org,New Mitchellside
9662,Jeremy Moore,jessica19@example.net,Berryside
1837,Abigail Rogers,christophermccarthy@example.net,East Kevin
8639,Angela Baker,heathstephanie@example.org,Keithport
7728,Norma Holmes,oharper@example.net,Port Valeriemouth
2495,April Foster,udavis@example.org,Port Walterside
2940,Jennifer Ross,andrew37@example.com,Sullivanmouth
8644,Barbara Frederick,jacquelinecervantes@example.com,New Stephanie
2718,Jaime Evans,zbarrett@example.com,New Staceyshire
4484,Adam Taylor,nichole67@example.net,Booneton
6390,Nicholas Skinner,edward77@example.org,Jeanfort
6102,Jamie Roberts,christopher11@example.org,Paulstad
4192,Jeffrey Murphy,lmills@example.com,Cassandrahaven
7663,Adam Anderson,knelson@example.net,Port Gary
2769,Tyler Kelley,estradastacy@example.com,South Kathryn
715,Paige Robinson,erica19@example.com,Michelleshire
2667,David Robinson,janedouglas@example.net,East Michaelachester
2117,Matthew Jarvis,rsmith@example.net,South Jamesside
4545,Julie Miller,michelleevans@example.org,West Nancyfurt
2595,Marcia Mueller,jmartin@example.net,East Jesse
4681,Brooke Garrett,candicereed@example.com,East Robintown
4882,Richard Thompson,ldiaz@example.net,Paulberg
802,Christine Wolfe,pattersonerin@example.com,Soniaberg
1026,Jennifer Lindsey,crystalsandoval@example.org,West Laurenland
2941,Veronica Harris,lgonzalez@example.com,Nicholasview
1225,Anne Kelly,wagnerrobert@example.com,South Yolanda
2737,Randy Williams,simmonsbeth@example.com,New Brianna
4459,Jose Freeman,gutierrezantonio@example.com,Scottton
7571,Summer Perry,ebrown@example.org,West Marcberg
4612,Marvin Ramirez,alexcampbell@example.net,Lake Kevinbury
5132,Nicholas Davis,douglas61@example.net,Thompsonchester
8020,Robert Powell,mistygill@example.net,Aaronstad
7654,Martha Jackson,garciamichael@example.com,Deniseborough
6795,Sara Fox,ymiller@example.com,Oscarmouth
1880,Valerie Mckinney,jenniferrivera@example.org,Lake Tiffany
3786,Carla Hines,rcurtis@example.net,New Mary
6802,Justin Hunter,davislaura@example.net,Robertsmouth
6009,Michaela Velez,kendra42@example.org,Courtneyside
1649,Mr. Christopher Smith,clementskathleen@example.net,Port Russell
4147,Margaret Burns,yfoster@example.org,New Victor
4839,Rebecca Thompson,leenicole@example.com,South Johntown
661,Jasmine Moore,greenmanuel@example.org,Lake John
251,Sophia Merritt,brittneysmith@example.com,Allisontown
8030,Veronica Knight,ethanramirez@example.com,New Jennifer
4831,William Hall,amandataylor@example.org,Phillipside
8823,Sean Marshall,jonathan00@example.com,Hoffmantown
3926,Wanda Mccoy,kelli43@example.net,Weissville
6119,Samantha Donovan,caitlin06@example.net,Perezburgh
5314,Christopher Duncan,lstanton@example.org,Schmittfort
9781,Anita Le,gsawyer@example.net,Derekborough
7951,Robert Baker,ukent@example.com,East Shawn
8986,Kelsey Gonzales,hallthomas@example.com,Danaland
7002,Megan Fox,briangomez@example.net,Brownshire
3589,Tyler Petersen,lmiller@example.org,Lake Natalie
9964,Christopher Moon,austinryan@example.org,Danielfurt
1031,Amanda Kim,licourtney@example.org,New William
4400,Kelly Lambert,briangonzalez@example.com,North Davidborough
5508,Carly Thomas,rfox@example.com,West Jenny
6518,Michelle Kim,joann35@example.net,West Juliashire
7794,Jordan Lambert,carlmoore@example.org,New Johnshire
3542,Elizabeth Sanchez,vfields@example.com,New Vickifort
8135,Daniel Swanson,omoore@example.org,South Tonya
9605,Kurt Porter,qwalsh@example.net,Brewerview
4704,Amber Webb,anthonyhernandez@example.com,Michaelside
7832,Jason Green,joshuahansen@example.net,South Chadport
4588,Jacqueline Jordan,wstewart@example.com,Lake Robert
8103,Kelly Bennett,tonya50@example.com,Loganbury
1820,Troy Blevins,nicholascampbell@example.com,Catherineton
1145,Mary Davis,tomschultz@example.net,Wrightbury
8529,Angela Howard,jimenezterry@example.net,Deborahland
8668,Kathleen Chandler,jamesmontgomery@example.org,South Keith
182,Michelle Spencer,summer88@example.org,Velasquezton
4639,Robert Jackson,asanders@example.com,Angelaburgh
6893,Jennifer Patel,emoore@example.org,West Heatherhaven
646,Maria Walker,christopherbass@example.org,West Andrewton
5349,Megan Stein,gail32@example.com,East Stevenhaven
9013,Seth Marshall,nancy50@example.com,North Jennifer
7739,Fernando Thomas,robin63@example.org,North Tinamouth
6505,Maureen Knapp,yorkchristopher@example.org,South Kaylaton
9423,Linda Hansen,samanthadavis@example.com,East Triciaburgh
5317,William Meyers,alecbaird@example.org,Lake Peggy
734,Hannah Odom,arobinson@example.net,Allisonmouth
459,Laurie Jackson,brosario@example.com,Lake Logan
5388,Jose Fowler,xweiss@example.net,East Carlhaven
4189,Gabrielle Dean,jackiethompson@example.net,Spenceview
9505,Christopher Nelson,howardsimpson@example.org,Jennifertown
7371,Allison Tran,kwilkins@example.net,Brownburgh
5380,Victoria Hubbard,troberts@example.org,Port Ericfurt
3420,Jacqueline Long,erica03@example.net,East Alexandra
2663,Christopher Ball,sharonbarrett@example.org,New Jonathan
9513,Thomas Gonzalez,williamsrandy@example.org,Michelleton
6056,Robert Johnson,hernandezlori@example.net,Lake Stephanie
4790,Vickie Cantu,calebblake@example.org,East Cynthiaton
463,Marc Lee,paulmcgee@example.com,East Ryanhaven
6627,Diana Mccarthy,james73@example.org,Halltown
6712,Stephen Gonzalez,chelseanelson@example.org,Veronicafort
7747,Rebecca Jones,rosedaniel@example.org,New Cassandrafort
373,Edward Mcdowell,laurieclark@example.org,Lake Kirsten
2910,Tammy Reyes,rtownsend@example.net,New Tammybury
2591,Kathleen Diaz,anthonysoto@example.org,North Anne
7418,Mr. Joseph Hester Jr.,jimmy68@example.com,Martinland
8576,Alex Lambert,tiffanyrivas@example.net,Mariaburgh
5004,Cheryl Brooks,jwhitehead@example.net,Patriciaberg
6263,Geoffrey Benjamin,ejordan@example.com,North Susanside
832,Dustin Thomas,carolsalinas@example.net,Port Codyview
1186,Brenda Banks,christophercooper@example.net,West Edwardton
8376,Anthony Miller,simpsonmonica@example.net,Steintown
6801,Daniel Silva,thomas38@example.net,Sanchezborough
779,Michael Santana,deanna18@example.net,West Jennifershire
138,Paige Ewing,phillip84@example.net,Carlborough
6949,Randy Pittman,zthomas@example.org,West Kristinville
5304,Alejandra Gray,michaelkhan@example.org,West Kaitlyn
8847,Wayne Castillo,lgarcia@example.com,East Kimbury
6079,John Morrison,gparrish@example.net,South Anthonystad
8192,Keith Wilson,martinezjennifer@example.net,Port Randy
7583,Crystal Williams,russellregina@example.org,Lake Jamestown
3142,Ruben Ross,seanjohnston@example.com,North Paula
3245,Richard Bentley,swansondavid@example.com,Elliottmouth
6738,Tracy Pennington,harpercharles@example.com,Rebeccabury
8785,Shari Gonzales,torresdennis@example.org,South Jeremy
7717,Michelle Gardner,emily18@example.com,Wallschester
6736,Randy White,laurenjackson@example.net,Boothhaven
6397,Thomas Bonilla,matthew41@example.org,Laurieton
2349,Marcus Carrillo,bryanjohnson@example.com,West Kendra
7319,Carrie Lane,smcdowell@example.com,South Stefanie
3350,Nancy Potts,donaldcain@example.com,Hansenmouth
9668,Karen Wiley,roseandrew@example.org,Jeanetteshire
148,Valerie Foster,rlane@example.com,Taramouth
1708,Christopher Smith,jhughes@example.org,East Jamie
7349,Charles Lopez,hbryan@example.com,Byrdville
8273,Ronnie Leonard,murphysonia@example.com,Roberttown
1662,Maria Martinez,ybarnes@example.net,Port Kimberly
7955,Michelle Santana,robin15@example.org,South Derrickland
5923,Zachary Owens,dylan03@example.org,Paultown
9079,Brandon Rowe,melinda29@example.org,Elijahmouth
597,Janet Peterson,ashleykennedy@example.com,North Austinburgh
4040,Gail Morrison,jameshunt@example.net,Smithfort
5415,April Moore,vwheeler@example.org,Davidburgh
7812,Zoe Lynch,kcontreras@example.net,West Susan
3384,Damon Roberts,alexanderbeck@example.com,New Tiffanyside
3268,Joshua White,williamsellers@example.com,Jenniferville
227,Mark Campos,qallen@example.com,Shaneborough
9742,Jackson Berry,nicholas06@example.org,Woodview
5429,Victoria Davis,uyork@example.org,Sextonshire
1633,Gregory Crawford,harriskimberly@example.com,East Jeffreyfurt
4486,Paul Hines,reneebrown@example.com,Reevesbury
5603,Charles Haynes,brandonmoore@example.com,Lake Jakefort
4370,John Tran,caseyhopkins@example.net,Lake Susanburgh
8003,Geoffrey Simmons,grahamkathleen@example.com,Harrisonville
8590,Michelle Reyes,warmstrong@example.net,Bellmouth
8486,Travis Anderson,shanewhite@example.org,South Erinport
6077,Louis Thomas,melissa12@example.com,South Matthewmouth
9479,Christina Gordon,tmaldonado@example.org,West Raymond
4651,Jessica Cooper,uenglish@example.org,North Jeffreyfort
1083,Thomas Watson,stevenmolina@example.org,Lake Andrewland
8007,Eric Huynh,vwebb@example.org,New Douglas
2126,Kimberly Hampton,jameskirk@example.com,Amberland
7392,Nathan Roberson,katie62@example.org,Phillipsborough
8653,Amy Roberts,jasmine98@example.org,Brandonmouth
3087,Christina Thomas,uwilson@example.net,Brownshire
7919,Colin Valdez,rfranklin@example.com,New Gina
209,Sean Berry,brandon56@example.org,New Dianamouth
1893,Amber Washington,travisthomas@example.org,East Shelby
2288,Christopher Rice,paulryan@example.net,East Holly
615,Richard Collins,kimgordon@example.net,East Dean
4195,Cheryl Sanchez,vdavidson@example.org,Baldwinside
93,Dr. Susan Taylor,dannywashington@example.net,Port Stevenville
14,Eric Cox,smithbrenda@example.org,Buchananview
9096,Claudia Neal,toddschroeder@example.org,Wangton
3160,James Spencer,derekkeller@example.org,Ronaldland
6178,Joy Jones,timothyandersen@example.com,Patriciafurt
5858,Karen Miller,victoria05@example.net,Aguirrefurt
8672,George Garrett,rossdaniel@example.net,North Brian
7213,Joseph Sampson,qmitchell@example.org,Emilyview
2853,Javier Franklin PhD,hsanchez@example.com,Dixonmouth
7335,David Grimes,roy19@example.com,Morrisfort
8699,Shirley Bell,stephenrichard@example.org,New Jeffrey
7309,Todd Tucker,susan45@example.org,Priceborough
8698,Gary Hall,alambert@example.net,Samuelfort
1584,John Ortiz,nclarke@example.org,North Kaitlinborough
9552,Samantha Dyer,sotoann@example.org,South Jessica
6331,Anthony Martinez,xhenry@example.com,Port Jennifer
718,Jason Taylor,huberthomas@example.com,Andrewfort
1729,Kevin Ritter,reyesgary@example.com,Allenchester
436,Steven Washington,ejohnson@example.com,East Amandaburgh
3984,Alan Owens,joshuacolon@example.com,East Elizabeth
8514,Heather Blackburn,monica48@example.org,Port Angelaside
8927,Helen Price,adamslori@example.net,Newmanchester
5521,Joseph Brooks,lmills@example.org,West Jennifermouth
9025,Lauren Costa,walkermichael@example.net,Williamberg
8676,Larry Cohen,thenson@example.org,North Ericland
3150,Caleb Clark,johnsonmarie@example.org,New Dustinfurt
9119,Joshua Brown,jbeck@example.net,New Brycestad
1152,Jessica Calderon,jessica35@example.com,Port Kevin
1348,Joshua Smith,jennifergonzalez@example.net,Thomasshire
9195,Dustin Williams,rjensen@example.net,West Gabriella
4193,Bonnie Taylor,taylorbenjamin@example.net,Sheenaborough
6295,Zachary Reese,zlee@example.net,West Stevenchester
8732,Mariah Nelson,ashleyhicks@example.org,New Belindaport
1192,Sarah Williams,pmadden@example.org,South Courtneyberg
2230,Jennifer Mathis,jasonsherman@example.net,Branchhaven
2448,Kristine Reid,lthompson@example.net,Jacksonstad
2604,Stanley Shields,brian31@example.org,Lake Jacob
7797,Briana Browning,jennifer93@example.net,North Nathan
8344,Aaron Hernandez,webbjessica@example.org,Phillipston
477,Zachary Mcdonald,gregg33@example.org,Alexandrafurt
9481,Tyler Taylor,iweaver@example.com,Nataliestad
8360,James Landry,melissabanks@example.net,Jasontown
6074,Paul Jimenez,coxalexander@example.com,East Kristinastad
2426,Emily Kennedy,jenniferferguson@example.org,Jessicaside
2348,Shane Randall,tinahernandez@example.com,Francoshire
7671,Catherine Jimenez,johnjohnson@example.com,Brayton
550,Makayla Brown,bonillamichelle@example.net,Mendozaview
106,Lauren Bryan,paulmoran@example.com,Lake Kara
5995,Dr. Joshua Parrish,mhawkins@example.net,East Lukebury
8110,Nicholas Burke,carolynlong@example.com,Garymouth
3405,Curtis Lester,lanezachary@example.net,Ochoaton
5696,John Hill,corey03@example.org,Lake Ashley
6314,Faith Moore,charlesgoodman@example.org,Oscarport
1331,Daniel Wong,carolynsmith@example.net,South Richard
4032,Shane Hunter,frank69@example.net,Lake Scotttown
797,Rodney Bauer,codyfernandez@example.net,Jasonshire
2294,Todd Hansen,sandrapatterson@example.net,South Patrickview
4783,Sarah Sawyer,carmenbrown@example.org,Lake Jessica
8191,Eric Whitehead,hernandezamber@example.net,New Michaelmouth
9064,Paul Williams,theodoresanders@example.com,South Carlos
5203,Heather Smith,perrycaitlin@example.com,New Sherryland
1281,Sean Russell,richard36@example.net,Port Joshualand
7598,Yvonne Colon,vanessamcdonald@example.com,Adamsfort
9417,Wendy Davidson,anne18@example.com,East Samanthaview
8213,Mrs. Whitney Byrd DDS,julie84@example.com,Reynoldsmouth
5313,John Quinn,kellyglass@example.com,Patrickburgh
2793,Gregory Adams,wesley24@example.org,Susanborough
3459,Dennis Russell,wrightvalerie@example.com,North Timothyfort
3901,Sheri Phillips,lorikemp@example.org,Henryburgh
3726,Jesus Ellis,victoria46@example.org,Jacobsonmouth
6678,Lisa Jackson,hansonjohn@example.com,Lake Rickystad
9628,Christopher Strong,richmondandrea@example.org,East Marc
1054,Jerry Bowers,weeksjennifer@example.org,New Sarahchester
2123,Justin Mcintosh,eturner@example.com,North Janet
6238,Douglas Brewer,owenjacqueline@example.org,North Stephentown
2964,Amy Gonzalez,patrick53@example.net,Youngmouth
9395,Travis Gallegos,heatherjackson@example.org,New Brendahaven
4259,Matthew Anderson,jocelynmorales@example.com,West Angelaton
7441,Bryan Schaefer,bradleymatthew@example.net,Nataliehaven
1834,Shannon Chapman,gnguyen@example.net,Schneiderfort
6780,Danielle Mcfarland,peter80@example.org,Jasonview
6645,Lynn Fernandez,ingramryan@example.net,Joannton
6396,Tammy Wells,owenschristina@example.net,New Jamesberg
4519,Vincent Mcguire,joseph60@example.net,Zacharyport
2026,Christopher Elliott,nquinn@example.org,North Christopher
1311,Mrs. Jenna Ramos MD,jvasquez@example.com,Lindseyland
9011,Ashley Daniel,shawnmitchell@example.com,New Kathrynborough
4181,April Kelley,jennifer30@example.com,Diazberg
6537,Mark Gonzales,sandersjoy@example.com,North Patriciaberg
2160,Patricia Johnson,pgraham@example.net,Ferrellchester
1945,Ryan Park,lhayes@example.org,Jeffreyport
5796,William Perez,ashley71@example.com,East Ericastad
2725,Peter Armstrong,keith08@example.org,Port Ronaldberg
1124,Teresa Atkins,bjones@example.net,Lake Joyce
7693,Andre Cook,greenconnie@example.net,Traceyhaven
2510,Emily Robinson,mario36@example.org,East Ryan
7301,Lauren Jones,michael23@example.com,West Maryton
5512,Jennifer Davis,peggywilson@example.net,East Davidborough
1059,Adam Barnett,kingtammy@example.org,Ethantown
8896,Lisa Pratt,wmccarthy@example.com,Floresview
9105,Lisa Salas,xfowler@example.org,Traciechester
8979,Kristen Vance,barbarawilliams@example.net,Paulbury
8076,Barbara Young,brownangela@example.org,Katieland
6925,Glenn Wise,jjones@example.com,Collinsshire
7369,Eric Anderson,powellmegan@example.net,Lake Jamietown
3978,Kathleen Contreras,jeffreyanthony@example.net,Mitchellborough
4555,April Cook,lisa40@example.net,New Dakota
7786,Emily West,patriciacopeland@example.com,West Maryfurt
1435,Tyler Ramsey,brian58@example.net,North David
5011,Joanne Murray,frederickturner@example.net,Hillbury
9217,Charles Rodriguez,melissa08@example.org,Port Jillberg
8952,Christina Davis,ledwards@example.org,West Karenview
2867,Sandra White,amanda73@example.net,Saraton
1648,Corey Jackson,bdorsey@example.com,Phillipport
9913,Douglas Benjamin,rdiaz@example.org,New Karafurt
2625,Shawn Yang,thomasnorris@example.com,South Tracey
1070,Kristina Mcpherson,mendozamichael@example.net,Port Steven
9769,Alicia Hughes,laurawhitaker@example.com,Pattersonstad
8843,Christopher Stone,rmccarty@example.net,Port Anthonyland
143,Christopher Carroll,kmejia@example.org,South James
7997,William Walter,cynthia29@example.org,South Maryshire
2399,Kenneth Lowery,allenpatricia@example.net,Ryanfort
8999,Mitchell Morrison,caitlinkhan@example.org,Brightfurt
8648,Yolanda Black,whowe@example.com,Robertston
6427,Angela Diaz,waynekirby@example.net,West Karen
1335,Alex Hernandez,logan38@example.net,Ashleyberg
6564,Christina Mcmillan,xbell@example.net,Melissamouth
8203,Sandra Case,epowell@example.org,South Elizabeth
3329,James Sawyer,danielle12@example.net,East Earlton
5804,Mary Clark,lee45@example.org,Westburgh
310,Christopher Johnston,johnnyjones@example.com,New Melindafort
856,Micheal Rosario,gabrielarocha@example.com,Freemanberg
6618,Laura Hughes,katie88@example.net,North Ronald
9173,Cory Murray,lolson@example.net,Harringtontown
2503,Brian Park,carol21@example.org,Smithland
3349,Craig Gomez,laurie58@example.com,South William
4354,Misty Smith,randerson@example.com,Jessicaville
7847,Justin Johnson,teresamccarty@example.net,West John
9551,Abigail Haynes,barryrachel@example.org,Terryview
4441,Dawn Allen,liudarlene@example.org,Tamaraburgh
5344,Charles Nguyen,qmoore@example.com,Brownland
1408,Mark Massey,jay63@example.com,Port Kelsey
7894,David Larsen,chasesmith@example.org,Angelbury
3217,Joseph Garcia,kristensharp@example.com,West Christopherton
41,Cynthia Mullins,nfletcher@example.net,Steeleview
3917,Karen Marks,michael81@example.org,Ronaldfort
6547,Dr. Adam Collier,kristinegonzalez@example.net,Anthonyport
2969,Roger Rose,gina55@example.org,North Ethanshire
5868,Jason Colon,jodifloyd@example.com,Cynthiafort
5873,Betty Marquez,christopherpark@example.org,Nguyenstad
8867,Anthony Diaz,paulspencer@example.org,Robertville
7824,Melissa Bryant,jessicawilliams@example.org,North Keith
2539,Katherine Haynes,mmccoy@example.org,Reneeville
716,Jason Morales,erik29@example.com,Allenport
324,Mark Reyes,jason64@example.net,West Haleychester
575,Linda Dean,emitchell@example.org,Johnsonview
5100,Kenneth Harper,tonya81@example.org,Taraburgh
9622,Stephanie Flores,juliepoole@example.com,North James
4522,Karen Hayes,matthew09@example.org,New Laurieshire
1897,Jessica Santiago,danielle61@example.org,Amberfort
5324,Megan Smith,areynolds@example.net,Denisebury
8056,Nancy Rodriguez DDS,alexandercurtis@example.org,North Tylerberg
5000,Kimberly Cooper,patrickbaker@example.org,Davidmouth
6126,Matthew Carrillo,phillip83@example.net,Lake Daniel
5855,Peter Rose,kimberlyguzman@example.net,East Timothy
3844,Kathleen Davis,angelfisher@example.org,Kristinaport
6452,Jennifer King,allen34@example.net,South Michellemouth
9040,Cathy Reyes,vcarpenter@example.net,Brandonstad
5906,Mark Roberts,macdonaldrobert@example.com,Morganmouth
4388,Renee Pruitt,monique97@example.org,Adamland
8936,Melinda Thompson,smarquez@example.net,Lake Stevemouth
5527,James Cruz,erinarnold@example.net,Lake Cynthiamouth
2069,Elizabeth Castaneda,alexandra72@example.com,Pageside
2920,Barry Soto,angela28@example.com,New Donaldton
9657,Robert Garcia,jeremiahrobbins@example.org,Whiteburgh
4960,Holly Collier,william18@example.org,Garciaview
3365,William Smith,erobertson@example.net,Justinmouth
2537,Melissa Hester,stephen04@example.net,Watersfort
7462,Ann Perez DVM,barbara20@example.net,Larsenmouth
1361,Nicole Adams,ngarcia@example.com,Montesport
3219,Renee Roy,jonesbrian@example.org,Wigginsmouth
9545,Ashley Silva,cynthiaharris@example.org,Whitneyburgh
8235,Brandon Rice,brandy72@example.com,Lake Robertberg
1477,Andrew Hess,scott04@example.org,Rosalesshire
586,Sydney Perry,maryrussell@example.net,Brianfort
5214,Carmen Dean,jamessmith@example.org,South Dorothyborough
7170,Rebecca Hart,qjohnson@example.com,Lake Nancyborough
5713,Michael Pittman,terri76@example.org,East Ashleyburgh
2149,Anna Hughes,reedethan@example.org,East Gregoryfort
9851,Patricia Brown,david84@example.net,East Dustinberg
4284,Tammy Gomez,cruzbrittany@example.net,Josephside
1035,Justin Everett,scott74@example.com,Randallmouth
2237,Jessica Colon,laura95@example.net,Alicialand
8622,Darrell Anderson,brittney53@example.net,Lake Kevin
8388,Stacey Young DDS,nicole59@example.org,East Nicholasview
159,Keith Alvarez,bray@example.net,Port Christopherton
1652,Debra Jones,brownmonica@example.net,Annaborough
2562,Michelle Morris,angela41@example.com,New Scottstad
8863,Sandra Hoffman,angelicafox@example.org,West Sherrimouth
1155,Susan Hunter,wardtroy@example.net,Martinezburgh
7950,Amy Mathews,crystalwilson@example.org,Barnettland
8106,Andrea White,marcusanthony@example.org,Meganstad
2739,Tracy Martinez,wphillips@example.org,East Christopher
9442,Elizabeth Mendoza,larrywalsh@example.com,Cervanteston
3273,Jacob Williams,brandytaylor@example.org,Leeberg
5034,Haley Anderson,copelandandrew@example.net,Lake Troyside
6124,Brandy Jones,whuber@example.net,North John
4474,Amber Farmer,ramosnancy@example.net,Thomasmouth
7320,Dawn Lopez,maldonadoabigail@example.org,Emilyborough
1417,Gregory Sosa,jonesmelissa@example.net,North Matthewfort
9507,Kyle Mason,jennifer92@example.com,Cantrellmouth
676,Samuel Fernandez,vincentward@example.com,Claytonburgh
7684,Amanda Young,ucarr@example.net,Smithfurt
965,Megan Wells,jon43@example.com,Ramosberg
4372,Miss Amanda Garza,dyerrobert@example.net,Lake Theresa
4061,Brandon Valentine,graydavid@example.net,Abigailburgh
5573,Mark Dixon,xtanner@example.com,Brownmouth
2275,Anthony Duke,rthompson@example.net,Lake Hollyside
6480,Brent Dunn,caitlinstevens@example.org,Ericville
5484,Ronald Collins,daniel59@example.com,East Lisachester
8263,Lindsey Hutchinson,monique65@example.org,Robertberg
7819,Sandra Smith,nguyenleah@example.net,Robinsonville
5443,Stephen Ross,kvilla@example.com,Port Dustinfurt
6015,Shannon Evans,chandlerdaniel@example.org,West Traci
7916,Margaret Jones,amanda81@example.net,Reedland
5915,Eric Flynn,kempmelissa@example.com,Wrightbury
4021,Kelsey Brown,terri84@example.net,West Larry
7501,Juan Hernandez,miguelmendoza@example.com,East Rachelport
445,Megan Garcia,dana61@example.com,West Jennifer
3580,Antonio Newman,hayeslauren@example.org,Petersonton
1014,Kevin Watson,ashleyvincent@example.com,East Yeseniamouth
9007,Matthew Costa,patricia50@example.com,Port Marc
3079,Dominique Chavez,elopez@example.org,Emilymouth
6360,Natalie Wallace,sharonbaker@example.net,North Amberfort
98,Karen Robinson,joshuaanderson@example.com,Christineshire
8620,Kevin Norton,jenniferwilliams@example.org,Thomasmouth
8382,Patricia Huerta,jenniferbrown@example.org,New James
2325,Michael Myers,paulchavez@example.net,Pollardtown
1756,Sarah Abbott,oconnellsusan@example.org,North Vincent
6844,Tony Scott,stephanie72@example.org,Fleminghaven
1520,Tabitha Larsen,kristincharles@example.com,East Alec
9715,Edward Hill,philip91@example.com,Andersonland
9641,Samantha Moore,robin56@example.com,New Miguelton
9043,Karen Martinez,james70@example.com,Jillview
1350,Sarah Morris,mlopez@example.net,Tinachester
9054,Derrick Perez,kennedydaniel@example.org,Dunnchester
6376,Lisa Potts DDS,wjones@example.net,Samanthaland
5817,Alan Kelley,ysanchez@example.net,East Tammy
7731,Jennifer Wagner,holmescrystal@example.com,East Jasonton
7911,Daniel Jordan,mark38@example.com,Port Michaelfort
792,Linda Monroe,phunter@example.com,North Kristichester
3675,Kayla Vargas,nramirez@example.com,New Gregory
7667,Michael Tanner,mistyphillips@example.org,New Stevenmouth
9592,Christopher Perez,lucasbennett@example.com,Edwardport
8906,April Bryant,kelly42@example.org,East Kenneth
7477,Gabriella Miller,ystephens@example.com,Meyerhaven
3198,Taylor Cannon,kayla93@example.net,West Kelly
7539,Sarah Taylor,perryrobert@example.org,Michaelstad
9985,Joshua Shelton,theresa10@example.org,Moraleshaven
5574,Michelle Hernandez,djohnson@example.org,West Jefferyview
7630,James Ray,iharvey@example.org,New Taylor
8248,Christopher Prince,duarteamy@example.com,Barnesfurt
3680,Henry Weaver,pacekathleen@example.com,Travisfurt
7275,Robert French,kari33@example.org,Amyfurt
3284,Megan Hogan,benjaminelizabeth@example.net,East Elizabeth
3139,James Johns,hermanchristine@example.net,Mckenziefort
112,Anthony Hughes,richardnorman@example.org,North Malikborough
4163,William Wood,calvinjohnson@example.org,Youngside
474,Brian Gonzalez,jeanwood@example.net,East Kristyhaven
954,Christopher Ingram,chrisrich@example.com,New Dalebury
3089,Lindsey Fitzgerald,stewartdaniel@example.net,South Karen
4115,Pamela Johnson,qriley@example.org,Garciaborough
6622,Jennifer Stewart,harrellkatherine@example.net,South Gary
2863,Rodney Martin,donaldbrown@example.org,Port Lisa
5757,Wanda Berry,keith82@example.org,East Douglas
836,Christopher Cox,lanechad@example.net,Port Peter
5412,Jason Johnson,scollins@example.net,Oliverberg
2036,Emma Lopez,william21@example.org,Davidmouth
9583,Lynn Richardson,carlsonjeffrey@example.com,Hodgeberg
813,Brandy Bright,rbrown@example.com,South Debra
5133,James Duke,christopherrios@example.com,East Raymondview
9327,Kristen Reese,jessica47@example.net,East John
4289,Lauren Stevenson,ryancooper@example.com,Calderonfort
6086,Elijah Jones,connie23@example.com,South Robertburgh
776,Victor Davis,georgesamantha@example.net,Stephaniefurt
7187,Amber Jones,ihodges@example.org,North Carmen
9803,Craig James,davidgallegos@example.net,North Tamaraville
5369,Melissa Ball,jillray@example.net,East Natalieview
9425,Thomas Riley,wlozano@example.com,Lake Monicaland
4157,Joseph Graves,ljackson@example.com,Rosefort
8488,Francis Jackson,davisevan@example.org,Cortezburgh
4751,Kathy Petersen,hfloyd@example.org,North Patrickfort
5348,David Peck,brenda87@example.com,New Henryshire
4215,Marie Nguyen,baileybrooke@example.com,Rosemouth
741,Kevin Murray,conradmatthew@example.net,Jessicastad
7755,Daniel Ramos,michael93@example.net,East Jesse
861,Dale Scott,edwardszachary@example.net,New Reginafurt
2555,Julie Hall,chasebarron@example.com,Hillmouth
7083,Nicole Stone,graymelissa@example.org,Candacefort
2932,Suzanne Bradley,mezaamy@example.org,Joshuachester
3507,Larry Simmons,devon70@example.net,Websterborough
5094,Anthony James,marissa51@example.com,West Adam
433,Paul Ponce,rosesmith@example.org,Lake Andrewfort
3932,Jason Lindsey,jenniferodom@example.com,Lake Michael
4728,Sylvia Pitts,timothyhopkins@example.org,Kimland
9853,Paula Wilson,hmata@example.org,East Allenside
1916,Brooke Spencer,marcuspollard@example.com,North Gregory
947,David Griffin,murraydavid@example.net,North Crystalshire
6169,Sarah Lopez,clinestephen@example.net,Doristown
1448,Tyler Ramirez,lawrence37@example.net,Millerside
4792,James Hernandez,joneskelly@example.net,Lake Jamieland
719,Jacob Aguilar,riosjennifer@example.com,Gallagherburgh
3982,Brent Lin,tsilva@example.org,Mackfurt
4610,Travis Green,kennethwilliams@example.com,Valerieberg
9085,Veronica Baker,susan73@example.org,Davidside
1831,Derrick Lewis,marc84@example.org,Hannahberg
8066,Wayne Nelson,nwatts@example.net,West Robert
1238,Sarah Montgomery,hilljonathan@example.net,Swansonport
6309,Phyllis Rush,kellycarroll@example.net,Andrewhaven
3710,Christopher Morgan PhD,thomassimon@example.org,Martinezburgh
8591,Michael Anderson,john38@example.org,New Robinport
3427,Timothy Rose,fschmidt@example.com,Kristachester
9642,Lisa Wright,crystal49@example.net,South Edward
1952,Megan Booth,xjohnson@example.org,East Annaview
5333,Crystal Dawson,kathryn99@example.net,Jamesmouth
237,Grant Willis,robert15@example.org,Millerburgh
2131,Summer Cruz,kmccullough@example.net,East Janice
5747,Scott Avila,sherry16@example.net,North Jeffrey
7256,Tina Blevins,amartinez@example.net,Charlotteville
9623,Teresa Cohen,antonio69@example.org,Lake Jonathan
9095,Jacob Brown,benjamin16@example.org,North Georgeland
643,Allen Fitzpatrick,williambrandt@example.net,Dianeland
1808,Jacqueline Crane,zscott@example.net,Thompsonborough
9048,Thomas Hays,waltonleah@example.com,Stevenberg
5267,Jennifer Lee,amygarcia@example.org,West Joeport
4812,Ashley Peters,rickysmith@example.com,Jessicaton
7425,Justin Rowland,phillipevans@example.net,West Oliviatown
4895,Penny Taylor,leslieshaw@example.org,Longmouth
8677,Jessica Friedman,jclark@example.org,Lyonsland
7010,Angela Giles,jtucker@example.org,Ianmouth
9540,Ashley Perkins,ericamullins@example.net,South Robertmouth
6235,Karen Collins,freemanjeffrey@example.net,North Elizabethburgh
1983,Amanda Garcia,coxkimberly@example.net,Adamsshire
9876,Katherine Long,tcoffey@example.com,Ryanberg
8229,John Shelton,justin01@example.com,Stephanieland
6667,Mike Ruiz,igonzalez@example.net,South Matthew
6783,Sherry Farrell,sullivanleslie@example.org,Davidville
7163,Frank Mendoza,jmcdonald@example.com,New Michellechester
8542,Amanda Mccarty,tonyluna@example.org,Fordchester
7604,Adam Mitchell,saraenglish@example.org,South Marthatown
2410,Mary Haynes,lisaguzman@example.com,East Kyletown
222,Jack Ford,wgomez@example.net,Robertstad
2370,Eric Green,matthewprice@example.net,Holmeshaven
1507,Brian Murphy,teresamueller@example.com,Schroederview
52,Jose Williams,jessicadominguez@example.net,Lake Victoriamouth
8836,Jason Rivera,mary85@example.org,New Jennifer
6299,Anthony Cruz,umartinez@example.com,Michaelview
3601,Lisa Butler,crogers@example.org,New Tina
7057,Amy Tran,robertsamy@example.net,Port Deanna
7758,Jeffery Sandoval,jonesjason@example.org,North Robertville
6973,Melinda Powell,robertsjohn@example.net,East Cynthia
9856,Grace Richard,yolandafoster@example.com,Masonborough
9535,Jesse Hogan,qpierce@example.org,Lake Eugeneside
3026,Crystal Cameron PhD,helenscott@example.org,Port Richardside
1769,Michael Gentry,shernandez@example.org,New Vanessafort
7768,Thomas Williamson,april41@example.com,Shepherdville
5617,Teresa King,jamesdudley@example.net,West Sheilafort
7968,Victoria Lee,lutzshannon@example.org,Smithfurt
7079,Cynthia Stout,james48@example.com,Andrewhaven
9163,Lydia Larson,rfigueroa@example.net,East Michelle
4862,Richard Shaw,pblackwell@example.com,Stephaniestad
8101,Yesenia Bass,xbrooks@example.com,Allisonside
2894,Heather Alvarez,duncanjennifer@example.org,Duncanside
2532,Jerry Foster,tscott@example.net,Port Michelle
2560,William Wilson,walterlarry@example.org,Hendricksfort
1381,Emily Brown,vthomas@example.com,Conniechester
5227,Cynthia Mayer,achoi@example.org,Sandersborough
85,Antonio Chapman,alexander71@example.com,Tyronehaven
9635,Melissa Tran,porterjoseph@example.net,Burnston
9773,Nichole Miller,markskathleen@example.com,Frazierville
9102,Frank Love,scottmelissa@example.net,Cynthiaton
5310,Ashley Lee,davidowens@example.org,Michaelburgh
6470,Kathleen Harris,jesseharris@example.net,Philiphaven
1689,John Taylor,zfrazier@example.net,Matthewmouth
234,Anna Hensley,brooksnancy@example.net,South Taylorborough
5641,Randall Gonzalez,donald84@example.org,Lake Nicoletown
2343,Michael Vaughn,scottreid@example.com,East Leahland
9955,Tim Wood,bli@example.com,East Jeffery
9762,Scott Meza,zjohns@example.net,New Brittany
583,Scott Mccall,stanleykevin@example.net,Tiffanyland
8937,Christopher Lee,shelly69@example.com,Michaelport
115,Johnathan Rodriguez,jessica54@example.org,West Debra
7861,Zachary Murray,kimberly40@example.org,Markstad
8628,Travis Norman,megananderson@example.org,North Brookeburgh
245,Jo Michael,nancy81@example.org,West Ryanburgh
4478,Pamela Taylor,watsonapril@example.com,New Andrew
2984,Samuel Parker,ykelly@example.com,East Dylan
305,Steven Ramsey,hburns@example.net,Hensleyborough
5247,Patricia Barber,anthony70@example.net,West Barbara
5669,Sarah Murray,curtisjohn@example.com,Kristiside
5099,Christina Young,baileyjason@example.net,South Markview
6828,Darryl Rodriguez,murphydaniel@example.org,Fredmouth
624,Debra Villanueva,khall@example.com,Brandyside
5900,Nicholas Williams,donaldbaird@example.com,East Lisaberg
1718,Brenda Bowen,margaret66@example.org,New Rachel
8259,Mindy Ford,monique13@example.net,Daychester
2614,Eric Estes,carrie11@example.net,Diazhaven
2879,Rachel Padilla,rossbryce@example.org,West Linda
545,Vanessa Horton,monique53@example.com,Annafort
2992,Jaclyn Cochran,michael85@example.com,Julianstad
9246,Nicole Myers,drivera@example.net,Kennethside
6455,Ricardo Bailey,kellyanderson@example.org,North Ernest
7052,Abigail Conley,crichardson@example.com,South William
8944,Susan Rice,deniseharvey@example.org,Jenniferberg
4995,Marc Russell,mthomas@example.net,Floydside
4876,Timothy Rogers,ross28@example.net,Patrickchester
9807,Anthony Howell,diazdonna@example.net,East Robin
5929,Jamie Mason,michael96@example.com,North Alexfurt
6598,Kyle Maldonado,velasquezdaniel@example.net,Riveratown
7252,Ruben Ray,castillobrittany@example.net,Mariestad
9799,Nicole Carroll,ythompson@example.com,Lake Alexis
2668,Michael Hardy,sara55@example.com,Nicolemouth
4791,Michelle Hernandez,allenward@example.org,Jeffreyport
4646,Michael Kent,figueroaanthony@example.org,Paulfurt
480,Steven Williams,bgarcia@example.org,Melissaberg
9630,Dana Bolton,nicoleporter@example.net,Port Jessica
1679,Nathan Fischer,jessica49@example.com,Caldwellburgh
340,Mary Gutierrez,rphillips@example.com,Port James
3190,Crystal Allen,lisa53@example.org,Davisville
4378,Samuel Lewis,reginarobinson@example.org,Heidiport
9757,Jon Jones,mooregina@example.org,North Clarence
8897,Shannon Griffin,ericmiller@example.org,Port Megan
92,Ashley Gallegos,john20@example.com,Escobarburgh
863,Robert Acosta,matthew60@example.net,Smithville
2775,Amanda Johnson,ryan31@example.org,Leebury
7647,Terri Turner,thomasbrent@example.com,East Marcusport
4365,Laura Drake,fharris@example.org,Nancyshire
7913,Megan Gibbs,elizabethcunningham@example.net,South Johnborough
300,Ronald Fitzgerald,lewiserin@example.net,Justinshire
5095,Ryan Adams,spaul@example.com,Melissachester
8737,Kimberly Arnold,samantha55@example.org,Hollandberg
4410,Ronald Vance,susan49@example.org,Tashaland
858,Sarah Carpenter,tara24@example.com,Christinahaven
8758,Mariah Cook,ruben79@example.com,Lake Jimmy
2747,Daniel Cook,garrettortiz@example.net,West Justin
9431,Gregory Harris,jennifer85@example.org,East Melissaside
800,Sarah Abbott,wongcynthia@example.net,Priceton
8606,Ryan Schaefer,sfoley@example.net,Brandyside
1495,Pamela Rice,robert18@example.net,Robertshire
4650,Richard Collier,coxmary@example.com,Kaitlynfort
2583,William Jackson,christopherlowe@example.org,New David
110,Krista Gonzalez,christianconrad@example.com,Derekhaven
4992,Tyler Smith MD,shelbylewis@example.com,North Kathrynbury
9987,Joshua Diaz,barnesjesus@example.net,North Katiemouth
6020,Adrienne Mueller,andreachambers@example.org,Stephanieside
5418,Edward Todd,lutztyler@example.org,Brownton
5144,Joseph Fox,cmann@example.net,Shannonborough
7764,Danielle Davis,scottcassandra@example.org,Torreston
219,Robert Day,ahines@example.com,Port Amanda
7864,Christine Hernandez,yjoseph@example.net,Lake Theresatown
32,Patty Davis,doncollins@example.com,New Timothy
3351,Abigail Hart,calvin09@example.org,Antoniochester
6371,Daniel Williams,david50@example.com,South Patrickburgh
65,Adam Johnson,vernonwilson@example.org,Peterport
5974,Vicki Mason,susanwatts@example.com,Johnland
2778,Miss Bethany Gonzalez,devin17@example.org,West Toddshire
6603,Jacqueline Mitchell,vkelley@example.net,Lake Cory
5476,Adam Phillips,bpatel@example.org,North Steven
2326,Kenneth Webb,logan08@example.org,Janetberg
9574,Scott Lloyd,jenniferfisher@example.net,Robertville
750,James Williams,samanthaperez@example.com,Hendersonmouth
3455,Antonio Thompson,swilliams@example.com,Port Ashleybury
1516,John Morales,brandonturner@example.net,Davisville
53,Michael Dickson,deborah84@example.com,Gabriellatown
4863,Nathan Thomas,thomas89@example.org,New Davidmouth
7741,Ronald Frazier,meganfoster@example.net,South Amberton
1075,Terrence Morris,johnsonmichael@example.net,Reyesfurt
5469,Anthony Mcdaniel,lindacruz@example.org,West Sharon
297,Teresa Newton,rpittman@example.org,New Robert
1447,Patricia Leonard,choiandrew@example.net,Andersonland
7733,Eric Haas,anthonyhowe@example.org,Millerchester
5308,Vincent Pacheco,mpayne@example.net,West Jennifer
5624,Kristen Stone,msnyder@example.org,Lake Sheritown
598,Christian Rodriguez,wsmith@example.org,East Lorettamouth
3900,Roy Schwartz,schapman@example.net,Javierland
1234,Mark Jefferson,melissa47@example.org,West Jennaton
2418,Miss Tiffany Todd,fosterkathy@example.com,Robertstad
3121,Craig Adams,dvazquez@example.org,West Kenneth
9621,Eric Le,shepardcaroline@example.com,Walterhaven
918,Daniel Anderson,heatherphillips@example.org,North Daniel
7986,Sandra Crawford,karenwillis@example.net,East Susanhaven
4440,Eric Patel,harry55@example.net,New Gabriel
6675,Cameron Young,fcarter@example.net,Ortizhaven
4442,Alicia Rich,robertlove@example.org,Port James
3129,April Nicholson,davidandersen@example.org,Port Paulaborough
3019,Mary Lara,james49@example.org,Brianstad
5951,Mrs. Kristen Johnson,kimberlywatson@example.net,North Charles
8535,Jason Malone,daniel51@example.org,New Nicole
5555,Corey Johnson,hansonjamie@example.net,Leachchester
9319,Nicholas Harper,abigaildavis@example.net,Williamsland
2921,Caitlin Stone,michaelsnyder@example.com,Paigefort
2646,Lauren Cherry,sean89@example.com,Sandrastad
8981,Laura Elliott,westamber@example.com,West Kevin
9868,Robert Holmes,perezalejandra@example.com,Martineztown
3973,Leslie Porter,uwelch@example.net,Williamsville
4150,Stephanie Roy,jenniferking@example.com,Hesterside
2703,Misty Wolfe,lindsay41@example.com,North Richard
9838,Alicia Harrison,george56@example.com,North Mitchellfurt
6733,Ernest Freeman,aguirrejohn@example.com,Alyssamouth
6593,Grant Vazquez,holmesrachael@example.org,Hubbardhaven
1154,Jeremiah Villanueva,edwardsmary@example.org,South Margaret
5074,Kevin Bruce,diazalison@example.net,Port Tracyview
1585,James Fischer,apatton@example.com,North Michaelfort
3791,Tyler Clayton,fordraymond@example.net,North Heather
7807,Maria Hurley,leslie00@example.org,Lake Christopher
7056,James Miller,kevinmurphy@example.net,West Michele
2271,Miguel Johnson,karen22@example.org,Garciashire
4779,Monica Walsh,russelljohn@example.org,Lake Stephaniemouth
2440,Joy Perry,xbridges@example.org,South Lindaland
2470,Sharon Snyder,herringkelly@example.org,East Justinbury
9503,Nicholas Smith,claywilliam@example.com,Port Ashleybury
5303,Hunter Cook,rparker@example.net,Lake Brendaport
8283,David Hodges,smithvanessa@example.org,West Alex
1587,Luis Hudson,howejulie@example.org,Gonzalezborough
1906,Amy Moore,william31@example.net,East Melissa
5538,Ronald Sullivan,michael42@example.org,Austinborough
2599,Brett Green,margaretroberts@example.com,Sarahhaven
